RT @InnrEngineering: Precious gift for You and Everyone from Sadhguru that brings clarity to life! Last opportunity to register - Free InneтАж,negitive,0.3416666666666666,0.6222222222222222
"RT @ishafoundation: Meditate With Sadhguru At Madison Square Gardens, NYC
November 3, 2019 2:30 - 8:15PM
Join us to:
-Explore life's deepesтАж",positive,0.0,0.0
"You are welcome to join us for an intro session on Hatha Yoga ЁЯЩП

NEXT SESSION is on
Sun 03 Nov from 2:00 pm to 2:30тАж https://t.co/0jMSmpbIJc",negitive,0.4,0.45
"RT @HuluTheaterMSG: The Experience of Being with Sadhguru
- Explore life's deepest questions
- Meditate with @SadhguruJV 
- Experience oneтАЩтАж",positive,0.0,0.0
"RT @rallyforrivers: #WorldAquaCongress 2019, hosted by Aqua Foundation &amp; inaugurated by @MoJSDoWRRDGR Min. @gssjodhpur, conferred the LifetтАж",positive,0.0,0.0
"RT @YuvashreeSiva: ""ро╡ро│рооро╛рой ро╡ро╛ро┤рпНро╡рпБ роОройрпНрокродрпБ родрпЖро│ро┐ро╡рпБ рооро▒рпНро▒рпБроорпН родро┐ро▒роорпИ роЗро░рпБроирпНродро╛ро▓рпНродро╛ройрпН ро╡ро░рпБроорпН,
рооро▒рпНро▒ро╡ро░рпНроХро│рпБроЯройрпН рокрпЛроЯрпНроЯро┐ропро┐роЯрпБро╡родро╛ро▓рпН ро╡ро░ро╛родрпБ""
 - роЪродрпНроХрпБро░рпБ

роИро╖ро╛ ропрпЛроХро╛тАж",positive,0.0,0.0
What Is Real Wealth? | Subhash Ghai With Sadhguru https://t.co/4b60JCNQoj via @YouTube,negitive,0.2,0.30000000000000004
"RT @ishafoundation: #WorldAquaCongress 2019 hosted by Aqua Foundation, inaugurated by @MoJSDoWRRDGR Min. @gssjodhpur conferred the LifetimeтАж",positive,0.0,0.0
"RT @Sadhguru_Quotes: Like and Follow for more wonderful quotes--&gt; @sadhguru_quotes тШ║я╕ПЁЯЩП
.
тАЬSuccess need not always be measured in economic tтАж",positive,0.5,0.425
"RT @jayapluschannel: роЪрпБро▒рпНро▒рпБроЪрпНроЪрпВро┤ро▓рпБроХрпНроХро╛роХ роЪродрпНроХрпБро░рпБ роЖро▒рпНро▒ро┐роп рокрогро┐ропрпИ роХро╡рпБро░ро╡ро┐родрпНродрпБ, роЕроХрпНроХрпБро╡ро╛ роГрокро╡рпБрогрпНроЯрпЗро╖ройрпН роЪро╛ро░рпНрокро┐ро▓рпН роЕро╡ро░рпБроХрпНроХрпБ ро╡ро╛ро┤рпНроиро╛ро│рпН роЪро╛родройрпИропро╛ро│ро░рпН ро╡ро┐ро░рпБродрпБ ро╡тАж",positive,0.0,0.0
"RT @ishafoundation: #WorldAquaCongress 2019 hosted by Aqua Foundation, inaugurated by @MoJSDoWRRDGR Min. @gssjodhpur conferred the LifetimeтАж",positive,0.0,0.0
"RT @ishafoundation: #WorldAquaCongress 2019 hosted by Aqua Foundation, inaugurated by @MoJSDoWRRDGR Min. @gssjodhpur conferred the LifetimeтАж",positive,0.0,0.0
RT @FeminismInIndia: ItтАЩs High Time To Call Out Sadhguru And His тАЬRationalizedтАЭ Misogyny https://t.co/1F3LbR0YHl https://t.co/u0wTD4gc62,negitive,0.16,0.5399999999999999
"RT @SadhguruJV: You must learn to be happy with your compulsion. If you are not happy with it, now you have two problems - compulsion and uтАж",negitive,0.2,1.0
"RT @jayapluschannel: роЪрпБро▒рпНро▒рпБроЪрпНроЪрпВро┤ро▓рпБроХрпНроХро╛роХ роЪродрпНроХрпБро░рпБ роЖро▒рпНро▒ро┐роп рокрогро┐ропрпИ роХро╡рпБро░ро╡ро┐родрпНродрпБ, роЕроХрпНроХрпБро╡ро╛ роГрокро╡рпБрогрпНроЯрпЗро╖ройрпН роЪро╛ро░рпНрокро┐ро▓рпН роЕро╡ро░рпБроХрпНроХрпБ ро╡ро╛ро┤рпНроиро╛ро│рпН роЪро╛родройрпИропро╛ро│ро░рпН ро╡ро┐ро░рпБродрпБ ро╡тАж",positive,0.0,0.0
